{
  "format_version": "1.13.0",
  "minecraft:entity": {
    "description": {
      "identifier": "punch_script_mini_bedrock:punch_native",
      "is_spawnable": true,
      "is_summonable": true,
      "is_experimental": false
    },
    "component_groups": {
      "punch_script_mini_bedrock:punch_native": {}
    },
    "components": {
      "minecraft:nameable": {},
      "minecraft:type_family": {
        "family": [
          "punch_script_mini_bedrock:punch_native",
          "punch_native",
          "mob",
          "monster"
        ]
      },
      "minecraft:breathable": {
        "totalSupply": 15,
        "suffocateTime": 0
      },
      "minecraft:burns_in_daylight": {},
      "minecraft:collision_box": {
        "width": 0.6,
        "height": 1.8
      },
      "minecraft:health": {
        "value": 10,
        "max": 10
      },
      "minecraft:attack": {
        "damage": 3
      },
      "minecraft:movement": {
        "value": 0.3
      },
      "minecraft:navigation.walk": {
        "can_path_over_water": true
      },
      "minecraft:jump.static": {},
      "minecraft:physics": {},
      "minecraft:hurt_on_condition": {
        "damage_conditions": [
          {
            "filters": {
              "test": "in_lava",
              "subject": "self",
              "operator": "==",
              "value": true
            },
            "cause": "lava",
            "damage_per_tick": 4
          }
        ]
      },
      "minecraft:pushable": {
        "is_pushable": true,
        "is_pushable_by_piston": true
      },
      "minecraft:behavior.melee_attack": {
        "priority": 1,
        "speed_multiplier": 1.2,
        "attack_once": true
      },
      "minecraft:movement.basic": {},
      "minecraft:behavior.hurt_by_target": {
        "priority": 3,
        "alert_same_type": false
      },
      "minecraft:behavior.random_look_around": {
        "priority": 4
      },
      "minecraft:behavior.random_swim": {
        "priority": 5
      },
      "minecraft:follow_range": {
        "value": 64
      }
    },
    "events": {}
  }
}