{
  "format_version": [
    1,
    1,
    0
  ],
  "punch_script_mini_bedrock:punch_ground_block": {
    "textures": {
      "up": "punch_script_mini_bedrock_punch_ground_block_up",
      "down": "punch_script_mini_bedrock_punch_ground_block_down",
      "south": "punch_script_mini_bedrock_punch_ground_block_south",
      "north": "punch_script_mini_bedrock_punch_ground_block_north",
      "west": "punch_script_mini_bedrock_punch_ground_block_west",
      "east": "punch_script_mini_bedrock_punch_ground_block_east"
    },
    "sound": "gravel"
  }
}