{
  "format_version": "1.12",
  "minecraft:recipe_shaped": {
    "description": {
      "identifier": "punch_script_mini_bedrock:punch_sword_recipe"
    },
    "groups": [
      "punch_script_mini_bedrock"
    ],
    "tags": [
      "crafting_table"
    ],
    "pattern": [
      "0",
      "1",
      "2"
    ],
    "key": {
      "0": {
        "item": "punch_script_mini_bedrock:punch_ore"
      },
      "1": {
        "item": "punch_script_mini_bedrock:punch_ore"
      },
      "2": {
        "item": "minecraft:stick"
      }
    },
    "result": {
      "item": "punch_script_mini_bedrock:punch_sword",
      "count": 1
    }
  }
}