{
  "format_version": "1.13.0",
  "minecraft:biome": {
    "description": {
      "identifier": "biome_mini_punch"
    },
    "components": {
      "minecraft:climate": {
        "downfall": 0.5,
        "snow_accumulation": [
          0.0,
          0.25
        ],
        "temperature": 0.5
      },
      "minecraft:overworld_height": {
        "noise_type": "lowlands"
      },
      "minecraft:surface_parameters": {
        "sea_floor_depth": 24,
        "sea_floor_material": "punch_script_mini_bedrock:punch_ground_block",
        "top_material": "punch_script_mini_bedrock:punch_ground_block",
        "mid_material": "punch_script_mini_bedrock:punch_ground_block",
        "foundation_material": "minecraft:stone",
        "sea_material": "minecraft:water"
      },
      "minecraft:overworld_generation_rules": {
        "generate_for_climates": [
          [
            "warm",
            1
          ]
        ],
        "hills_transformation": [
          [
            "forest",
            3
          ]
        ]
      },
      "animal": {},
      "monster": {},
      "overworld": {},
      "biome_mini_punch": {}
    }
  }
}