{
  "resource_pack_name": "vanilla",
  "texture_name": "atlas.terrain",
  "padding": 8,
  "num_mip_levels": 0,
  "texture_data": {
    "punch_script_mini_bedrock_punch_ground_block_up": {
      "textures": [
        "textures/blocks/ibn1"
      ]
    },
    "punch_script_mini_bedrock_punch_ground_block_down": {
      "textures": [
        "textures/blocks/ibn1"
      ]
    },
    "punch_script_mini_bedrock_punch_ground_block_south": {
      "textures": [
        "textures/blocks/ibn1"
      ]
    },
    "punch_script_mini_bedrock_punch_ground_block_north": {
      "textures": [
        "textures/blocks/ibn1"
      ]
    },
    "punch_script_mini_bedrock_punch_ground_block_west": {
      "textures": [
        "textures/blocks/ibn1"
      ]
    },
    "punch_script_mini_bedrock_punch_ground_block_east": {
      "textures": [
        "textures/blocks/ibn1"
      ]
    }
  }
}