{
  "format_version": "1.16.0",
  "minecraft:block": {
    "description": {
      "identifier": "punch_script_mini_bedrock:punch_ore_ore",
      "is_experimental": false
    },
    "components": {
      "minecraft:loot": "loot_tables/blocks/punch_script_mini_bedrock_punch_ore_ore.json",
      "minecraft:block_light_emission": 0,
      "minecraft:destroy_time": 9,
      "minecraft:explosion_resistance": 12.041123426403463,
      "minecraft:friction": 0.6,
      "minecraft:flammable": {
        "flame_odds": 0,
        "burn_odds": 0
      }
    }
  }
}