{
  "_fv": 13,
  "_type": "biome",
  "definition": {
    "name": "Biome Mini Punch",
    "groundBlock": {
      "value": "CUSTOM:PunchGroundBlock"
    },
    "undergroundBlock": {
      "value": "CUSTOM:PunchGroundBlock"
    },
    "treeType": 0,
    "vanillaTreeType": "Default",
    "minHeight": 7,
    "spawnVines": false,
    "treeVines": {
      "value": ""
    },
    "treeStem": {
      "value": ""
    },
    "treeBranch": {
      "value": ""
    },
    "treeFruits": {
      "value": ""
    },
    "treesPerChunk": 3,
    "grassPerChunk": 4,
    "seagrassPerChunk": 20,
    "flowersPerChunk": 4,
    "mushroomsPerChunk": 0,
    "bigMushroomsChunk": 0,
    "sandPathcesPerChunk": 0,
    "gravelPatchesPerChunk": 0,
    "reedsPerChunk": 0,
    "cactiPerChunk": 0,
    "rainingPossibility": 0.5,
    "temperature": 0.5,
    "baseHeight": 0.1,
    "heightVariation": 0.2,
    "spawnBiome": true,
    "biomeWeight": 10,
    "biomeType": "WARM",
    "biomeCategory": "NONE",
    "parent": {
      "value": "No parent"
    },
    "spawnStronghold": false,
    "spawnMineshaft": false,
    "spawnPillagerOutpost": false,
    "villageType": "none",
    "spawnWoodlandMansion": false,
    "spawnJungleTemple": false,
    "spawnDesertPyramid": false,
    "spawnIgloo": false,
    "spawnOceanMonument": false,
    "spawnShipwreck": false,
    "oceanRuinType": "NONE",
    "biomeDictionaryTypes": [],
    "defaultFeatures": [
      "Caves",
      "MonsterRooms",
      "Structures",
      "Ores"
    ],
    "spawnEntries": []
  }
}