{
  "_fv": 13,
  "_type": "recipe",
  "definition": {
    "recipeType": "Crafting",
    "xpReward": 0.0,
    "cookingTime": 200,
    "recipeRetstackSize": 1,
    "group": "",
    "recipeShapeless": false,
    "recipeSlots": [
      {
        "value": "CUSTOM:PunchOre"
      },
      {
        "value": "CUSTOM:PunchOre"
      },
      {
        "value": ""
      },
      {
        "value": "CUSTOM:PunchOre"
      },
      {
        "value": "Items.STICK"
      },
      {
        "value": ""
      },
      {
        "value": ""
      },
      {
        "value": "Items.STICK"
      },
      {
        "value": ""
      }
    ],
    "recipeReturnStack": {
      "value": "CUSTOM:PunchAxe"
    },
    "name": "punch_axe_recipe",
    "namespace": "mod"
  }
}